{
	"class_name" : "PinholeCameraParameters",
	"extrinsic" : 
	[
		-0.96891183096259736,
		-0.24317733736489933,
		0.045548286606909016,
		0.0,
		-0.10211427626411065,
		0.22538201271653982,
		-0.96890434147386217,
		0.0,
		0.22534981340965005,
		-0.94343400984698411,
		-0.24320717641606818,
		0.0,
		-0.22874501723328083,
		-2.3196289005646578,
		6.1232514021704967,
		1.0
	],
	"intrinsic" : 
	{
		"height" : 1050,
		"intrinsic_matrix" : 
		[
			909.3266739736606,
			0.0,
			0.0,
			0.0,
			909.3266739736606,
			0.0,
			959.5,
			524.5,
			1.0
		],
		"width" : 1920
	},
	"version_major" : 1,
	"version_minor" : 0
}