{
	"class_name" : "PinholeCameraParameters",
	"extrinsic" : 
	[
		-0.95681019970250092,
		-0.28266837980157605,
		-0.067917809193262055,
		0.0,
		-0.013603601711678792,
		0.27690260523784338,
		-0.96080169089826495,
		0.0,
		0.29039487558448823,
		-0.91838093091747464,
		-0.26878854507106986,
		0.0,
		-0.072373437022816761,
		-2.2930544177093544,
		5.0305030964598396,
		1.0
	],
	"intrinsic" : 
	{
		"height" : 1050,
		"intrinsic_matrix" : 
		[
			909.3266739736606,
			0.0,
			0.0,
			0.0,
			909.3266739736606,
			0.0,
			959.5,
			524.5,
			1.0
		],
		"width" : 1920
	},
	"version_major" : 1,
	"version_minor" : 0
}